{"ENTITY_ID":20,"tables":[{"id":"05f7f888-2834-40e8-afac-642910493000","position":{"x":907,"y":714},"data":{"table_name":"student","fields":[{"fieldName":"student_number","fieldType":10,"isPK":false,"isNotNull":true,"isUnique":false,"defaultValue":"","args":["512"],"isAutoIncrement":false}],"next_id":1,"checkName":[],"checkCondition":[]}},{"id":"3fade4d7-d840-4f01-91d9-28c52b4db5e4","position":{"x":915,"y":864},"data":{"table_name":"person","fields":[{"fieldName":"id","fieldType":2,"isPK":true,"isNotNull":false,"isUnique":false,"defaultValue":"","args":"","isAutoIncrement":true},{"fieldName":"cc","fieldType":10,"isPK":false,"isNotNull":true,"isUnique":true,"defaultValue":"","args":["512"],"isAutoIncrement":false},{"fieldName":"name","fieldType":10,"isPK":false,"isNotNull":true,"isUnique":false,"defaultValue":"","args":["512"],"isAutoIncrement":false},{"fieldName":"birth_date","fieldType":7,"isPK":false,"isNotNull":true,"isUnique":false,"defaultValue":"","args":"","isAutoIncrement":false},{"fieldName":"username","fieldType":10,"isPK":false,"isNotNull":true,"isUnique":true,"defaultValue":"","args":["512"],"isAutoIncrement":false},{"fieldName":"password","fieldType":10,"isPK":false,"isNotNull":true,"isUnique":false,"defaultValue":"","args":["512"],"isAutoIncrement":false},{"fieldName":"district","fieldType":10,"isPK":false,"isNotNull":true,"isUnique":false,"defaultValue":"","args":["512"],"isAutoIncrement":false}],"next_id":7,"checkName":[],"checkCondition":[]}},{"id":"c6b18e2c-1b85-401d-9b43-0ec7cb860b2e","position":{"x":921,"y":1055},"data":{"table_name":"instructor","fields":[{"fieldName":"func_number","fieldType":10,"isPK":false,"isNotNull":true,"isUnique":false,"defaultValue":"","args":["512"],"isAutoIncrement":false}],"next_id":2,"checkName":[],"checkCondition":[]}},{"id":"5b974b2d-f6b8-4c32-ab08-4388e77937d3","position":{"x":646,"y":1329},"data":{"table_name":"assistant_instructor","fields":[{"fieldName":"phd_student","fieldType":0,"isPK":false,"isNotNull":true,"isUnique":false,"defaultValue":"","args":[1,1],"isAutoIncrement":false}],"next_id":3,"checkName":[],"checkCondition":[]}},{"id":"ab9d0b07-f51d-4c52-8d92-50050d9352ee","position":{"x":1337,"y":1392},"data":{"table_name":"coordinator instructor","fields":[{"fieldName":"investigation","fieldType":0,"isPK":false,"isNotNull":true,"isUnique":false,"defaultValue":"","args":[1,1],"isAutoIncrement":false}],"next_id":2,"checkName":[],"checkCondition":[]}},{"id":"457011dc-ecbb-4909-a9ce-22ea4c8e3b33","position":{"x":-425,"y":510},"data":{"table_name":"edition","fields":[{"fieldName":"edition_id","fieldType":2,"isPK":true,"isNotNull":false,"isUnique":false,"defaultValue":"","args":"","isAutoIncrement":true},{"fieldName":"ed_year","fieldType":2,"isPK":false,"isNotNull":true,"isUnique":false,"defaultValue":"","args":"","isAutoIncrement":false},{"fieldName":"ed_month","fieldType":2,"isPK":false,"isNotNull":true,"isUnique":false,"defaultValue":"","args":"","isAutoIncrement":false},{"fieldName":"capacity","fieldType":2,"isPK":false,"isNotNull":true,"isUnique":false,"defaultValue":"","args":"","isAutoIncrement":false}],"next_id":4,"checkName":[],"checkCondition":[]}},{"id":"7382edf9-9a2b-420a-8d4b-15f702554daa","position":{"x":433,"y":236},"data":{"table_name":"course","fields":[{"fieldName":"course_code","fieldType":2,"isPK":true,"isNotNull":false,"isUnique":false,"defaultValue":"","args":"","isAutoIncrement":false},{"fieldName":"name","fieldType":10,"isPK":false,"isNotNull":true,"isUnique":false,"defaultValue":"","args":["512"],"isAutoIncrement":false},{"fieldName":"description","fieldType":10,"isPK":false,"isNotNull":true,"isUnique":false,"defaultValue":"","args":["512"],"isAutoIncrement":false}],"next_id":3,"checkName":[],"checkCondition":[]}},{"id":"29a5165b-fc71-4980-b227-b18f93f6b732","position":{"x":-138,"y":741},"data":{"table_name":"grade_log","fields":[{"fieldName":"grade","fieldType":1,"isPK":false,"isNotNull":true,"isUnique":false,"defaultValue":"","args":"","isAutoIncrement":false}],"next_id":1,"checkName":[],"checkCondition":[]}},{"id":"26078f05-e749-4f5c-a325-4cf314882680","position":{"x":1473,"y":657},"data":{"table_name":"class","fields":[{"fieldName":"class_id","fieldType":2,"isPK":true,"isNotNull":false,"isUnique":false,"defaultValue":"","args":"","isAutoIncrement":true},{"fieldName":"type","fieldType":10,"isPK":false,"isNotNull":true,"isUnique":false,"defaultValue":"","args":["512"],"isAutoIncrement":false}],"next_id":4,"checkName":[],"checkCondition":[]}},{"id":"144549c9-ed50-432c-932e-840acb525909","position":{"x":1470,"y":267},"data":{"table_name":"classroom","fields":[{"fieldName":"id","fieldType":2,"isPK":true,"isNotNull":false,"isUnique":false,"defaultValue":"","args":"","isAutoIncrement":true},{"fieldName":"capacity","fieldType":2,"isPK":false,"isNotNull":true,"isUnique":false,"defaultValue":"","args":"","isAutoIncrement":false}],"next_id":2,"checkName":[],"checkCondition":[]}},{"id":"f159cb2c-c701-452f-9821-4b0784383ebe","position":{"x":1467,"y":92},"data":{"table_name":"buildings","fields":[{"fieldName":"building_id","fieldType":3,"isPK":true,"isNotNull":false,"isUnique":false,"defaultValue":"","args":[1,1],"isAutoIncrement":true},{"fieldName":"location","fieldType":10,"isPK":false,"isNotNull":true,"isUnique":false,"defaultValue":"","args":["512"],"isAutoIncrement":false},{"fieldName":"dep_name","fieldType":10,"isPK":false,"isNotNull":true,"isUnique":false,"defaultValue":"","args":["512"],"isAutoIncrement":false}],"next_id":4,"checkName":[],"checkCondition":[]}},{"id":"4d47156f-b8f0-4d56-86f9-2ecd673732bd","position":{"x":781,"y":19},"data":{"table_name":"Enrollment","fields":[{"fieldName":"enrollment_date","fieldType":7,"isPK":false,"isNotNull":true,"isUnique":false,"defaultValue":"","args":"","isAutoIncrement":false},{"fieldName":"status","fieldType":0,"isPK":false,"isNotNull":true,"isUnique":false,"defaultValue":"","args":[1,1],"isAutoIncrement":false}],"next_id":3,"checkName":[],"checkCondition":[]}},{"id":"35f90dae-f45e-43ce-a1c7-bf0f6ebae665","position":{"x":434,"y":646},"data":{"table_name":"Degree_Program","fields":[{"fieldName":"id","fieldType":2,"isPK":true,"isNotNull":false,"isUnique":false,"defaultValue":"","args":"","isAutoIncrement":true},{"fieldName":"type","fieldType":10,"isPK":false,"isNotNull":true,"isUnique":false,"defaultValue":"","args":["512"],"isAutoIncrement":false},{"fieldName":"name","fieldType":10,"isPK":false,"isNotNull":true,"isUnique":false,"defaultValue":"","args":["512"],"isAutoIncrement":false},{"fieldName":"tax","fieldType":4,"isPK":false,"isNotNull":true,"isUnique":false,"defaultValue":"","args":["8"],"isAutoIncrement":false},{"fieldName":"credits","fieldType":1,"isPK":false,"isNotNull":true,"isUnique":false,"defaultValue":"","args":"","isAutoIncrement":false},{"fieldName":"slots","fieldType":2,"isPK":false,"isNotNull":true,"isUnique":false,"defaultValue":"","args":"","isAutoIncrement":false}],"next_id":6,"checkName":[],"checkCondition":[]}},{"id":"f9e974b1-5d13-4aa8-86f9-e026ef3f4b98","position":{"x":1937,"y":859},"data":{"table_name":"staff","fields":[{"fieldName":"role","fieldType":10,"isPK":false,"isNotNull":true,"isUnique":false,"defaultValue":"","args":["512"],"isAutoIncrement":false}],"next_id":3,"checkName":[],"checkCondition":[]}},{"id":"f0a4392a-5687-4764-8b23-87c358f2abfe","position":{"x":1764,"y":1203},"data":{"table_name":"Extra_Activities","fields":[{"fieldName":"id","fieldType":2,"isPK":true,"isNotNull":false,"isUnique":false,"defaultValue":"","args":"","isAutoIncrement":true},{"fieldName":"name","fieldType":10,"isPK":false,"isNotNull":true,"isUnique":false,"defaultValue":"","args":["512"],"isAutoIncrement":false},{"fieldName":"tax","fieldType":4,"isPK":false,"isNotNull":true,"isUnique":false,"defaultValue":"","args":["8"],"isAutoIncrement":false},{"fieldName":"slots","fieldType":2,"isPK":false,"isNotNull":true,"isUnique":false,"defaultValue":"","args":"","isAutoIncrement":false}],"next_id":4,"checkName":[],"checkCondition":[]}},{"id":"a013cb8f-3c69-4eae-bad0-757397c62d57","position":{"x":507,"y":922},"data":{"table_name":"financial_account","fields":[{"fieldName":"balance","fieldType":4,"isPK":false,"isNotNull":true,"isUnique":false,"defaultValue":"","args":["8"],"isAutoIncrement":false}],"next_id":1,"checkName":[],"checkCondition":[]}},{"id":"ca3ee905-2cec-430e-b8f9-f6e769f46c09","position":{"x":18,"y":1205},"data":{"table_name":"payments","fields":[{"fieldName":"transaction_id","fieldType":2,"isPK":true,"isNotNull":false,"isUnique":false,"defaultValue":"","args":"","isAutoIncrement":true},{"fieldName":"amount","fieldType":4,"isPK":false,"isNotNull":true,"isUnique":false,"defaultValue":"","args":["8"],"isAutoIncrement":false},{"fieldName":"type","fieldType":10,"isPK":false,"isNotNull":true,"isUnique":false,"defaultValue":"","args":["512"],"isAutoIncrement":false},{"fieldName":"description","fieldType":10,"isPK":false,"isNotNull":true,"isUnique":false,"defaultValue":"","args":["512"],"isAutoIncrement":false}],"next_id":4,"checkName":[],"checkCondition":[]}},{"id":"6ddefe20-fe58-46b6-837d-70affeab7307","position":{"x":1109,"y":295},"data":{"table_name":"evaluation_period","fields":[{"fieldName":"evaluation_date","fieldType":7,"isPK":true,"isNotNull":false,"isUnique":false,"defaultValue":"","args":"","isAutoIncrement":false},{"fieldName":"name","fieldType":10,"isPK":false,"isNotNull":true,"isUnique":false,"defaultValue":"","args":["512"],"isAutoIncrement":false}],"next_id":2,"checkName":[],"checkCondition":[]}},{"id":"1f251608-228c-47e4-9560-c5697a16260a","position":{"x":1118,"y":513},"data":{"table_name":"evaluation","fields":[{"fieldName":"grade","fieldType":2,"isPK":true,"isNotNull":false,"isUnique":false,"defaultValue":"","args":"","isAutoIncrement":false}],"next_id":1,"checkName":[],"checkCondition":[]}},{"id":"b03d56e1-f52d-4dcd-8b95-fe3d868fc624","position":{"x":1471,"y":458},"data":{"table_name":"schedule","fields":[{"fieldName":"id","fieldType":2,"isPK":true,"isNotNull":false,"isUnique":false,"defaultValue":"","args":"","isAutoIncrement":true},{"fieldName":"start_time","fieldType":8,"isPK":false,"isNotNull":true,"isUnique":false,"defaultValue":"","args":"","isAutoIncrement":false},{"fieldName":"duration","fieldType":1,"isPK":false,"isNotNull":true,"isUnique":false,"defaultValue":"","args":"","isAutoIncrement":false}],"next_id":3,"checkName":[],"checkCondition":[]}}],"links":[{"source":"05f7f888-2834-40e8-afac-642910493000","target":"3fade4d7-d840-4f01-91d9-28c52b4db5e4","order":"parenting","sourceCard":"0:1","targetCard":"0:1","label":"complete","hierType":"complete","sourceisweak":false,"targetisweak":false},{"source":"ab9d0b07-f51d-4c52-8d92-50050d9352ee","target":"c6b18e2c-1b85-401d-9b43-0ec7cb860b2e","order":"parenting","sourceCard":"0:1","targetCard":"0:1","label":"complete","hierType":"complete","sourceisweak":false,"targetisweak":false},{"source":"5b974b2d-f6b8-4c32-ab08-4388e77937d3","target":"c6b18e2c-1b85-401d-9b43-0ec7cb860b2e","order":"parenting","sourceCard":"0:1","targetCard":"0:1","label":"complete","hierType":"complete","sourceisweak":false,"targetisweak":false},{"source":"c6b18e2c-1b85-401d-9b43-0ec7cb860b2e","target":"3fade4d7-d840-4f01-91d9-28c52b4db5e4","order":"parenting","sourceCard":"0:1","targetCard":"0:1","label":"complete","hierType":"complete","sourceisweak":false,"targetisweak":false},{"source":"29a5165b-fc71-4980-b227-b18f93f6b732","target":"05f7f888-2834-40e8-afac-642910493000","order":"normal","sourceCard":"0:n","targetCard":"1:1","label":"evaluated","hierType":null,"sourceisweak":true,"targetisweak":false},{"source":"7382edf9-9a2b-420a-8d4b-15f702554daa","target":"7382edf9-9a2b-420a-8d4b-15f702554daa","order":"normal","sourceCard":"0:n","targetCard":"0:n","label":"pre requisites","hierType":null,"sourceisweak":false,"targetisweak":false},{"source":"05f7f888-2834-40e8-afac-642910493000","target":"7382edf9-9a2b-420a-8d4b-15f702554daa","order":"normal","sourceCard":"0:n","targetCard":"0:n","label":"enrolles","hierType":null,"sourceisweak":false,"targetisweak":false},{"source":"05f7f888-2834-40e8-afac-642910493000","target":"26078f05-e749-4f5c-a325-4cf314882680","order":"normal","sourceCard":"0:n","targetCard":"0:n","label":"attends","hierType":null,"sourceisweak":false,"targetisweak":false},{"source":"144549c9-ed50-432c-932e-840acb525909","target":"f159cb2c-c701-452f-9821-4b0784383ebe","order":"normal","sourceCard":"0:1","targetCard":"1:n","label":"","hierType":null,"sourceisweak":false,"targetisweak":false},{"source":"4d47156f-b8f0-4d56-86f9-2ecd673732bd","target":"05f7f888-2834-40e8-afac-642910493000","order":"normal","sourceCard":"1:n","targetCard":"1:1","label":"enrolles","hierType":null,"sourceisweak":true,"targetisweak":false},{"source":"4d47156f-b8f0-4d56-86f9-2ecd673732bd","target":"35f90dae-f45e-43ce-a1c7-bf0f6ebae665","order":"normal","sourceCard":"0:n","targetCard":"1:1","label":"in","hierType":null,"sourceisweak":true,"targetisweak":false},{"source":"4d47156f-b8f0-4d56-86f9-2ecd673732bd","target":"457011dc-ecbb-4909-a9ce-22ea4c8e3b33","order":"normal","sourceCard":"0:n","targetCard":"1:1","label":"associated","hierType":null,"sourceisweak":true,"targetisweak":false},{"source":"35f90dae-f45e-43ce-a1c7-bf0f6ebae665","target":"7382edf9-9a2b-420a-8d4b-15f702554daa","order":"normal","sourceCard":"0:n","targetCard":"1:1","label":"associated","hierType":null,"sourceisweak":false,"targetisweak":false},{"source":"f9e974b1-5d13-4aa8-86f9-e026ef3f4b98","target":"3fade4d7-d840-4f01-91d9-28c52b4db5e4","order":"parenting","sourceCard":"0:1","targetCard":"0:1","label":"complete","hierType":"complete","sourceisweak":false,"targetisweak":false},{"source":"f9e974b1-5d13-4aa8-86f9-e026ef3f4b98","target":"4d47156f-b8f0-4d56-86f9-2ecd673732bd","order":"normal","sourceCard":"1:1","targetCard":"0:n","label":"manages","hierType":null,"sourceisweak":false,"targetisweak":false},{"source":"f9e974b1-5d13-4aa8-86f9-e026ef3f4b98","target":"05f7f888-2834-40e8-afac-642910493000","order":"normal","sourceCard":"1:1","targetCard":"1:n","label":"creates","hierType":null,"sourceisweak":false,"targetisweak":false},{"source":"29a5165b-fc71-4980-b227-b18f93f6b732","target":"457011dc-ecbb-4909-a9ce-22ea4c8e3b33","order":"normal","sourceCard":"0:n","targetCard":"1:1","label":"generates","hierType":null,"sourceisweak":true,"targetisweak":false},{"source":"05f7f888-2834-40e8-afac-642910493000","target":"f0a4392a-5687-4764-8b23-87c358f2abfe","order":"normal","sourceCard":"1:n","targetCard":"0:n","label":"participates","hierType":null,"sourceisweak":false,"targetisweak":false},{"source":"05f7f888-2834-40e8-afac-642910493000","target":"a013cb8f-3c69-4eae-bad0-757397c62d57","order":"normal","sourceCard":"1:1","targetCard":"1:1","label":"has","hierType":null,"sourceisweak":false,"targetisweak":true},{"source":"a013cb8f-3c69-4eae-bad0-757397c62d57","target":"ca3ee905-2cec-430e-b8f9-f6e769f46c09","order":"normal","sourceCard":"1:1","targetCard":"0:n","label":"generates","hierType":null,"sourceisweak":false,"targetisweak":false},{"source":"457011dc-ecbb-4909-a9ce-22ea4c8e3b33","target":"26078f05-e749-4f5c-a325-4cf314882680","order":"normal","sourceCard":"1:1","targetCard":"1:n","label":"belongs","hierType":null,"sourceisweak":false,"targetisweak":false},{"source":"457011dc-ecbb-4909-a9ce-22ea4c8e3b33","target":"7382edf9-9a2b-420a-8d4b-15f702554daa","order":"normal","sourceCard":"1:n","targetCard":"1:1","label":"has","hierType":null,"sourceisweak":false,"targetisweak":false},{"source":"05f7f888-2834-40e8-afac-642910493000","target":"35f90dae-f45e-43ce-a1c7-bf0f6ebae665","order":"normal","sourceCard":"1:n","targetCard":"1:n","label":"needs","hierType":null,"sourceisweak":false,"targetisweak":false},{"source":"5b974b2d-f6b8-4c32-ab08-4388e77937d3","target":"457011dc-ecbb-4909-a9ce-22ea4c8e3b33","order":"normal","sourceCard":"0:n","targetCard":"1:n","label":"assists","hierType":null,"sourceisweak":false,"targetisweak":false},{"source":"ab9d0b07-f51d-4c52-8d92-50050d9352ee","target":"457011dc-ecbb-4909-a9ce-22ea4c8e3b33","order":"normal","sourceCard":"1:1","targetCard":"1:n","label":"coordinates","hierType":null,"sourceisweak":false,"targetisweak":false},{"source":"6ddefe20-fe58-46b6-837d-70affeab7307","target":"457011dc-ecbb-4909-a9ce-22ea4c8e3b33","order":"normal","sourceCard":"1:n","targetCard":"1:1","label":"associated","hierType":null,"sourceisweak":true,"targetisweak":false},{"source":"6ddefe20-fe58-46b6-837d-70affeab7307","target":"1f251608-228c-47e4-9560-c5697a16260a","order":"normal","sourceCard":"1:1","targetCard":"1:n","label":"has","hierType":null,"sourceisweak":false,"targetisweak":true},{"source":"05f7f888-2834-40e8-afac-642910493000","target":"1f251608-228c-47e4-9560-c5697a16260a","order":"normal","sourceCard":"1:1","targetCard":"1:n","label":"evaluate","hierType":null,"sourceisweak":false,"targetisweak":true},{"source":"1f251608-228c-47e4-9560-c5697a16260a","target":"ab9d0b07-f51d-4c52-8d92-50050d9352ee","order":"normal","sourceCard":"0:n","targetCard":"1:1","label":"submits","hierType":null,"sourceisweak":false,"targetisweak":false},{"source":"ca3ee905-2cec-430e-b8f9-f6e769f46c09","target":"f0a4392a-5687-4764-8b23-87c358f2abfe","order":"normal","sourceCard":"0:n","targetCard":"1:1","label":"debt","hierType":null,"sourceisweak":false,"targetisweak":false},{"source":"35f90dae-f45e-43ce-a1c7-bf0f6ebae665","target":"ca3ee905-2cec-430e-b8f9-f6e769f46c09","order":"normal","sourceCard":"0:1","targetCard":"0:n","label":"debt","hierType":null,"sourceisweak":false,"targetisweak":false},{"source":"c6b18e2c-1b85-401d-9b43-0ec7cb860b2e","target":"26078f05-e749-4f5c-a325-4cf314882680","order":"normal","sourceCard":"1:1","targetCard":"0:n","label":"teaches","hierType":null,"sourceisweak":false,"targetisweak":false},{"source":"b03d56e1-f52d-4dcd-8b95-fe3d868fc624","target":"26078f05-e749-4f5c-a325-4cf314882680","order":"normal","sourceCard":"1:n","targetCard":"1:1","label":"at","hierType":null,"sourceisweak":false,"targetisweak":false},{"source":"b03d56e1-f52d-4dcd-8b95-fe3d868fc624","target":"144549c9-ed50-432c-932e-840acb525909","order":"normal","sourceCard":"1:1","targetCard":"1:n","label":"located","hierType":null,"sourceisweak":false,"targetisweak":true},{"source":"f9e974b1-5d13-4aa8-86f9-e026ef3f4b98","target":"3fade4d7-d840-4f01-91d9-28c52b4db5e4","order":"normal","sourceCard":"1:1","targetCard":"0:n","label":"adds","hierType":null,"sourceisweak":false,"targetisweak":false},{"source":"29a5165b-fc71-4980-b227-b18f93f6b732","target":"35f90dae-f45e-43ce-a1c7-bf0f6ebae665","order":"normal","sourceCard":"0:n","targetCard":"1:1","label":"generates","hierType":null,"sourceisweak":true,"targetisweak":false}],"normalization":1,"database":0}